Date,ADR,Occupancy
2019-01-02,145.850438,68.2882558
2019-01-03,143.2407755,63.2694326
2019-01-04,139.6907502,68.5288334
2019-01-05,139.6323651,67.5786182
2019-01-06,138.1801308,55.6047751
2019-01-07,135.6898987,57.6268218
2019-01-08,133.3243501,57.254959
2019-01-09,136.7830734,60.78699
2019-01-10,134.9180918,51.2307762
2019-01-11,139.0904461,60.1966622
2019-01-12,138.0623,56.181819
2019-01-13,137.9691706,62.0500955
2019-01-14,134.2405869,54.2350266
2019-01-15,133.8535485,59.4717238
2019-01-16,132.394615,58.1880828
2019-01-17,132.0231775,50.6166539
2019-01-18,132.5715797,57.3883403
2019-01-19,132.3129076,53.7827399
2019-01-20,132.1915257,57.3209597
2019-01-21,131.8878447,53.817969
2019-01-22,130.9831126,52.9432517
2019-01-23,130.5898408,43.0663815
2019-01-24,130.0846532,42.4047791
2019-01-25,131.0418309,42.9092582
2019-01-26,128.485115,53.5728499
2019-01-27,126.6371304,53.4876316
2019-01-28,125.5400871,51.9057869
2019-01-29,125.2373542,51.4864205
2019-01-30,124.2721296,50.1291191
2019-01-31,123.1605872,41.0106881
2019-02-01,124.6360398,37.8287257
2019-02-02,122.8782082,39.0690528
2019-02-03,122.1434049,37.9611245
2019-02-04,122.4338176,39.8158769
2019-02-05,122.4662193,36.7183677
2019-02-06,122.4818201,36.1831251
2019-02-07,121.9403238,39.8610098
2019-02-08,122.0639328,44.4218259
2019-02-09,122.2961901,49.867694
2019-02-10,121.825981,47.7223731
2019-02-11,120.8509133,46.2066174
2019-02-12,121.0083674,53.9003493
2019-02-13,120.8513494,45.9712418
2019-02-14,121.508139,41.5604088
2019-02-15,122.0974563,42.233288
2019-02-16,122.9825423,32.5994243
2019-02-17,122.6945045,37.4071725
2019-02-18,121.8363237,33.4149792
2019-02-19,121.5931415,41.8923795
2019-02-20,120.7420991,41.8674993
2019-02-21,120.8660097,40.763831
2019-02-22,121.594096,41.0026662
2019-02-23,121.7732366,41.6354959
2019-02-24,122.5589798,39.8687958
2019-02-25,122.0455978,43.9459792
2019-02-26,123.1093314,48.1670429
2019-02-27,123.2705924,52.4085807
2019-02-28,124.940943,51.1395033
2019-03-01,129.3453867,53.1570666
2019-03-02,124.8124781,50.6782194
2019-03-03,124.4420509,42.5351917
2019-03-04,124.2395327,46.297847
2019-03-05,123.7298801,48.4868012
2019-03-06,123.8731075,49.9157334
2019-03-07,123.6157484,42.8259931
2019-03-08,125.1113615,45.3720248
2019-03-09,124.5453312,46.8697722
2019-03-10,120.9702067,49.7413198
2019-03-11,120.6587286,51.5183987
2019-03-12,120.7413689,40.2283569
2019-03-13,121.0336522,35.0438035
2019-03-14,120.7472073,43.2939235
2019-03-15,121.4885541,55.3464505
2019-03-16,121.4787144,58.5611862
2019-03-17,120.9211067,47.3539699
2019-03-18,121.1289213,42.6467394
2019-03-19,121.7169697,32.2642028
2019-03-20,121.4203348,42.9024502
2019-03-21,120.9787693,47.4017379
2019-03-22,122.3123316,48.1854694
2019-03-23,122.00468,56.9570882
2019-03-24,120.8352609,54.8240788
2019-03-25,121.1267635,43.9899838
2019-03-26,120.6710275,51.5273954
2019-03-27,121.2280819,51.4237792
2019-03-28,121.1314907,49.3956347
2019-03-29,122.405301,44.0334808
2019-03-30,122.1855333,46.9047731
2019-03-31,122.8745322,36.5537117
2019-04-01,120.8247556,48.8204699
2019-04-02,120.6013097,46.7778524
2019-04-03,119.8836029,47.6033021
2019-04-04,120.2944668,49.1915716
2019-04-05,120.1421741,39.5457023
2019-04-06,121.9790557,47.9584114
2019-04-07,121.8881852,52.3285366
2019-04-08,122.5295572,55.5360715
2019-04-09,122.6344436,48.9933963
2019-04-10,123.1655795,42.1895763
2019-04-11,123.6557394,55.3927777
2019-04-12,124.6123417,61.7595981
2019-04-13,125.2891574,53.1530117
2019-04-14,125.5360984,44.7475421
2019-04-15,125.9946556,58.9530619
2019-04-16,125.0838078,61.8962009
2019-04-17,124.0252717,60.2801475
2019-04-18,128.5144018,59.8485227
2019-04-19,131.7855625,68.2634477
2019-04-20,154.2324719,72.3660155
2019-04-21,136.0601077,72.5120805
2019-04-22,129.3929979,56.4349059
2019-04-23,127.7547466,53.1012254
2019-04-24,125.9646163,59.6340277
2019-04-25,124.202447,62.0716402
2019-04-26,121.702762,60.2017904
2019-04-27,121.551393,49.5309773
2019-04-28,122.1307992,41.9657114
2019-04-29,120.9710458,45.7406268
2019-04-30,121.0007235,44.6274088
2019-05-01,120.6516307,50.3626672
2019-05-02,120.989241,55.384852
2019-05-03,121.1271247,62.0680644
2019-05-04,122.4498255,62.8694443
2019-05-05,123.8682168,62.7546668
2019-05-06,122.5325176,46.6962955
2019-05-07,121.9845675,38.5275066
2019-05-08,122.0155371,38.5426064
2019-05-09,121.8454973,46.012433
2019-05-10,122.2541927,43.7549279
2019-05-11,120.9341059,52.2400511
2019-05-12,120.7255233,58.1766712
2019-05-13,119.7648186,53.8729846
2019-05-14,119.4892659,51.1624048
2019-05-15,120.0837753,48.3607817
2019-05-16,120.7748276,50.1640762
2019-05-17,119.5368257,53.0706258
2019-05-18,119.5794864,49.2714023
2019-05-19,119.9400883,34.4305538
2019-05-20,120.1781382,42.5718412
2019-05-21,118.6851497,55.1348624
2019-05-22,119.2800684,49.9014455
2019-05-23,121.4039884,44.8300872
2019-05-24,121.8622289,41.4015754
2019-05-25,121.7838746,48.5702252
2019-05-26,121.5842239,50.3120553
2019-05-27,120.8011563,52.5484732
2019-05-28,120.7473336,49.9364046
2019-05-29,120.6212563,49.9654009
2019-05-30,120.7619685,51.465419
2019-05-31,122.2042217,41.9391812
2019-06-01,122.1611293,53.567936
2019-06-02,124.2460055,46.0189602
2019-06-03,124.1681951,37.7472277
2019-06-04,124.344178,40.6502537
2019-06-05,124.0090562,40.4852335
2019-06-06,123.8717501,35.5283924
2019-06-07,124.5501498,38.2913994
2019-06-08,124.7262447,43.6622681
2019-06-09,123.7619641,35.5151171
2019-06-10,123.7361961,40.5444952
2019-06-11,123.7702104,43.4230574
2019-06-12,124.4819074,46.6577871
2019-06-13,124.1706723,52.2121999
2019-06-14,123.9512198,53.2067515
2019-06-15,123.7958732,50.012094
2019-06-16,121.9617725,49.2203206
2019-06-17,121.7252826,45.3548509
2019-06-18,123.0334488,50.0880298
2019-06-19,120.7592451,48.4087712
2019-06-20,120.8108222,53.2301755
2019-06-21,123.3102032,49.8777133
2019-06-22,123.4957799,36.4960146
2019-06-23,123.8334297,36.5428525
2019-06-24,123.1344522,54.5551387
2019-06-25,122.0538624,54.399656
2019-06-26,122.3990147,58.4825439
2019-06-27,123.1754425,47.4345489
2019-06-28,127.20409,64.0272206
2019-06-29,128.3394291,60.796149
2019-06-30,127.2086663,60.995358
2019-07-01,128.7636105,58.8014093
2019-07-02,129.9534838,48.96806
2019-07-03,128.9053568,46.2719879
2019-07-04,129.9906125,53.7295847
2019-07-05,128.3575715,68.7886158
2019-07-06,127.4757462,70.6722042
2019-07-07,127.0893285,62.6224105
2019-07-08,126.4868902,60.2024456
2019-07-09,126.8839761,58.2614971
2019-07-10,125.8975034,59.8712121
2019-07-11,127.2293058,52.3108613
2019-07-12,127.8044262,57.2730361
2019-07-13,127.7649297,65.0952055
2019-07-14,124.638669,59.9287882
2019-07-15,124.3274192,60.1496869
2019-07-16,125.9097797,60.886436
2019-07-17,125.3161175,56.739051
2019-07-18,125.2390711,59.2835641
2019-07-19,125.4821049,60.1370993
2019-07-20,126.2640966,57.1189668
2019-07-21,124.6171298,53.4851106
2019-07-22,123.1116791,47.1467418
2019-07-23,122.7326262,40.4434533
2019-07-24,122.2135135,48.8058793
2019-07-25,122.0366407,55.1494929
2019-07-26,123.7708543,60.3912971
2019-07-27,123.7759215,52.572778
2019-07-28,122.6722541,48.990728
2019-07-29,122.654028,45.476938
2019-07-30,123.0625384,50.08201
2019-07-31,123.222821,47.6575943
2019-08-01,123.8064011,48.3180465
2019-08-02,123.4319194,59.766751
2019-08-03,125.5687191,65.2521347
2019-08-04,125.0844439,57.3869931
2019-08-05,124.1338615,55.4979466
2019-08-06,123.7205093,57.8566422
2019-08-07,124.1914773,49.4561129
2019-08-08,124.1623804,57.3628503
2019-08-09,125.6271919,57.9241012
2019-08-10,125.5807777,63.0684514
2019-08-11,125.0042432,58.244725
2019-08-12,124.965329,55.4942779
2019-08-13,124.8246117,43.8114994
2019-08-14,124.8499589,54.3267004
2019-08-15,124.5399484,60.0492179
2019-08-16,127.1950042,62.2352825
2019-08-17,129.8222152,57.2856829
2019-08-18,128.4865843,58.0311448
2019-08-19,128.3098177,47.3244673
2019-08-20,127.2388297,42.7813771
2019-08-21,127.4021455,55.5085982
2019-08-22,128.0789223,66.1781395
2019-08-23,129.1910008,60.3181467
2019-08-24,128.9397229,62.0606826
2019-08-25,126.8297758,54.3020038
2019-08-26,126.0830696,55.0830973
2019-08-27,126.0292131,55.4989114
2019-08-28,125.2198104,57.3189282
2019-08-29,125.1939347,58.1400769
2019-08-30,126.4059394,55.5657559
2019-08-31,125.7149384,58.2683722
2019-09-01,133.5696269,63.4020396
2019-09-02,124.6677395,53.4845354
2019-09-03,124.1621462,55.2527901
2019-09-04,124.2399792,47.8999349
2019-09-05,124.2301156,52.9834076
2019-09-06,125.0606941,58.8736709
2019-09-07,135.6910499,53.3122277
2019-09-08,133.7294956,51.8068358
2019-09-09,132.6042722,64.1875968
2019-09-10,132.7927241,44.4313753
2019-09-11,132.9176007,59.483382
2019-09-12,132.4889715,46.4224386
2019-09-13,133.4302399,53.0823146
2019-09-14,133.753929,58.7713579
2019-09-15,132.9523224,49.7096177
2019-09-16,132.4999957,57.1232026
2019-09-17,132.6360888,48.1160228
2019-09-18,132.6444359,52.5298511
2019-09-19,134.8626446,54.3865269
2019-09-20,139.561028,66.0683338
2019-09-21,132.0106428,68.8659395
2019-09-22,128.2465098,53.7764903
2019-09-23,127.5015084,65.1025768
2019-09-24,128.5006601,58.6562473
2019-09-25,129.1995554,54.8681226
2019-09-26,129.4532648,57.9543071
2019-09-27,130.5814597,64.9736922
2019-09-28,129.7596245,71.1111719
2019-09-29,128.508889,59.8103975
2019-09-30,128.6726688,62.7498419
2019-10-01,129.4200345,65.5416626
2019-10-02,127.2084495,51.9420746
2019-10-03,127.7079419,63.4770716
2019-10-04,128.7202105,69.9080468
2019-10-05,129.1632814,68.1644815
2019-10-06,128.0736359,61.0756226
2019-10-07,126.2606092,61.5925475
2019-10-08,125.8324909,50.543607
2019-10-09,125.5491373,59.2753953
2019-10-10,125.1435518,52.8542897
2019-10-11,124.7611349,58.848138
2019-10-12,124.6047313,59.1352118
2019-10-13,123.6393175,46.921815
2019-10-14,124.6199527,53.6668777
2019-10-15,123.348329,34.6894471
2019-10-16,122.675409,56.0355304
2019-10-17,124.1201076,59.3398032
2019-10-18,124.3443826,61.2412621
2019-10-19,125.1041998,61.468679
2019-10-20,123.4330302,61.70421
2019-10-21,125.6481127,57.4385252
2019-10-22,125.6344612,56.2979286
2019-10-23,125.6749891,58.069614
2019-10-24,124.1748039,59.9756652
2019-10-25,125.5516646,59.3142475
2019-10-26,126.1155357,59.4716793
2019-10-27,124.940137,57.9394964
2019-10-28,124.9198253,57.1374579
2019-10-29,124.5757456,59.7146099
2019-10-30,124.7232898,53.5122631
2019-10-31,124.6897782,55.5300541
2019-11-01,126.3852171,60.5133427
2019-11-02,126.432295,56.2842431
2019-11-03,124.2278058,50.6232509
2019-11-04,122.322922,54.4128429
2019-11-05,129.0263596,50.6700897
2019-11-06,128.9895414,49.9272121
2019-11-07,129.7671967,55.2219814
2019-11-08,130.2383258,57.3780594
2019-11-09,130.5179181,59.4845478
2019-11-10,129.2071616,53.8768425
2019-11-11,128.0428386,54.4180939
2019-11-12,128.1450527,52.6037292
2019-11-13,128.1513767,54.4487833
2019-11-14,128.332516,50.5263906
2019-11-15,129.6355054,51.5077854
2019-11-16,128.9791651,52.085621
2019-11-17,127.6029617,54.9796029
2019-11-18,128.2060855,49.3183576
2019-11-19,127.9413834,53.4593998
2019-11-20,128.1835725,48.2973964
2019-11-21,127.3544783,49.0611195
2019-11-22,128.1244468,51.1081986
2019-11-23,127.5878929,56.6625472
2019-11-24,128.4031873,50.848651
2019-11-25,127.849259,48.4252345
2019-11-26,129.4827641,49.0392628
2019-11-27,129.9316611,51.1966467
2019-11-28,129.4707292,52.2874114
2019-11-29,125.7373571,60.2046261
2019-11-30,126.69432,59.6118213
2019-12-01,125.6639174,53.7472542
2019-12-02,125.3253461,51.4090003
2019-12-03,124.4012296,46.6985648
2019-12-04,124.706425,42.683183
2019-12-05,124.7525463,47.7226236
2019-12-06,127.3420164,54.3382559
2019-12-07,127.4317117,53.5402189
2019-12-08,123.9033418,45.8088208
2019-12-09,123.9894222,37.6536412
2019-12-10,124.2432536,57.0484294
2019-12-11,125.2610365,56.2160545
2019-12-12,125.7791771,56.3611466
2019-12-13,128.8841789,59.2180604
2019-12-14,130.7099732,57.7113226
2019-12-15,128.2433927,65.4124678
2019-12-16,129.1399803,59.0887915
2019-12-17,143.2264734,58.2885209
2019-12-18,139.3105059,55.7783452
2019-12-19,139.2226654,59.7395342
2019-12-20,143.4642645,60.8749115
2019-12-21,148.2099137,63.2924451
2019-12-22,147.8623166,67.533365
2019-12-23,147.1323452,72.2494922
2019-12-24,149.736044,77.160238
2019-12-25,152.8090332,81.9237336
2019-12-26,152.0991247,78.8127112
2019-12-27,151.9974057,78.5507307
2019-12-28,158.1480103,78.7053493
2019-12-29,154.9982657,78.968492
2019-12-30,155.0373956,77.1656149
2019-12-31,156.7874888,79.9473399
2020-01-01,156.3044225,79.7820071
2020-01-02,153.551215,75.6321063
2020-01-03,148.7977117,78.4104563
2020-01-04,149.1754868,72.9214754
2020-01-05,148.7010582,61.7986324
2020-01-06,146.2812975,67.401938
2020-01-07,144.6442939,66.4999369
2020-01-08,144.1590583,67.7863638
2020-01-09,143.6548352,65.8574532
2020-01-10,143.490093,58.6229147
2020-01-11,143.0777776,65.4745675
2020-01-12,141.8377145,67.0971188
2020-01-13,142.1575979,64.9591595
2020-01-14,141.5500603,64.3552754
2020-01-15,142.1939927,67.3911231
2020-01-16,142.0369925,56.6472418
2020-01-17,143.0016654,65.0435368
2020-01-18,142.4963593,66.2447124
2020-01-19,140.9923958,64.1937085
2020-01-20,139.8567778,64.1873367
2020-01-21,139.4686351,59.0946675
2020-01-22,139.3271702,54.2337145
2020-01-23,139.4544118,50.1095516
2020-01-24,139.6136039,60.0635083
2020-01-25,142.0472891,62.6313109
2020-01-26,139.3335741,64.4013824
2020-01-27,138.5012112,56.4543207
2020-01-28,136.7211715,53.7483739
2020-01-29,135.9353985,52.3652259
2020-01-30,133.6886575,52.6755861
2020-01-31,134.6706651,41.8873042
2020-02-01,132.4445956,53.3177267
2020-02-02,128.9755451,51.4194488
2020-02-03,128.7690019,53.4651646
2020-02-04,132.5232923,51.2438576
2020-02-05,134.3166865,50.6403173
2020-02-06,134.5102534,53.2685713
2020-02-07,135.7926158,52.3575552
2020-02-08,135.1518806,54.933571
2020-02-09,133.2094413,53.7862083
2020-02-10,133.3289278,52.1885227
2020-02-11,133.2373486,48.99246
2020-02-12,131.8284372,54.2916898
2020-02-13,132.3453633,56.0159711
2020-02-14,132.3928934,61.1159286
2020-02-15,132.2469996,60.9092626
2020-02-16,130.4678804,57.4065836
2020-02-17,130.0398487,54.9456038
2020-02-18,127.4967504,54.3631876
2020-02-19,127.0446545,54.7643308
2020-02-20,126.778038,53.2269474
2020-02-21,130.1232515,52.1380453
2020-02-22,130.091541,52.6903769
2020-02-23,128.9433038,51.0718775
2020-02-24,128.715641,51.0734317
2020-02-25,128.1053433,51.7713784
2020-02-26,127.8223653,50.6667787
2020-02-27,128.1424599,45.397808
2020-02-28,131.6625504,46.6267019
2020-02-29,132.4560419,54.4564273
2020-03-01,128.5292446,49.2829741
2020-03-02,126.9404675,42.0115041
2020-03-03,125.7780455,24.0084224
2020-03-04,126.7032202,25.0671649
2020-03-05,127.3937226,38.5786887
2020-03-06,128.2472946,34.7855826
2020-03-07,130.8704622,42.8688939
2020-03-08,125.9323573,33.4376906
2020-03-09,127.9850612,40.3507422
2020-03-10,127.1028667,47.7381695
2020-03-11,129.7962002,37.9063514
2020-03-12,129.6016825,39.4538372
2020-03-13,130.7953589,39.7985211
2020-03-14,129.4324841,44.2216952
2020-03-15,125.4555412,35.0787813
2020-03-16,124.5599319,35.8299586
2020-03-17,124.091425,35.9043313
2020-03-18,123.5571167,34.6005722
2020-03-19,123.7073829,39.4473982
2020-03-20,124.6489402,40.7314722
2020-03-21,128.6752031,32.8121856
2020-03-22,125.8892503,28.1148912
2020-03-23,121.4853668,26.694732
2020-03-24,121.1260741,20.9450878
2020-03-25,123.3241818,24.3826281
2020-03-26,123.5829966,29.1234305
2020-03-27,124.7803386,27.3011789
2020-03-28,127.253764,26.6259644
2020-03-29,123.6139453,19.9334326
2020-03-30,127.4356037,20.787044
2020-03-31,125.585507,18.7761258
2020-04-01,132.2826986,9.4516273
2020-04-02,127.5803167,13.528341
2020-04-03,135.1254413,13.8692891
2020-04-04,136.3929342,17.6272148
2020-04-05,135.132218,13.2147649
2020-04-06,135.4377385,10.0911629
2020-04-07,133.6240845,13.1101614
2020-04-08,135.5563751,23.0876221
2020-04-09,139.6001789,21.0235346
2020-04-10,142.0735583,22.6878118
2020-04-11,141.8874571,24.2424813
2020-04-12,140.442886,18.8104087
2020-04-13,140.1447206,21.885005
2020-04-14,140.2597241,21.8197612
2020-04-15,140.2121012,21.1957646
2020-04-16,139.3449005,27.1803734
2020-04-17,138.8917953,21.6778559
2020-04-18,143.1946595,19.58567
2020-04-19,141.7235239,24.3816466
2020-04-20,139.2653611,24.1451296
2020-04-21,140.4158877,20.4752192
2020-04-22,138.8802522,27.3005044
2020-04-23,140.5291444,13.4709802
2020-04-24,140.363749,32.8630985
2020-04-25,142.0685027,14.6313264
2020-04-26,140.2294767,29.640748
2020-04-27,139.8573743,11.6780156
2020-04-28,142.4068876,20.6886798
2020-04-29,147.072292,12.9340818
2020-04-30,145.1953187,15.3117323
2020-05-01,145.6265447,10.3916414
2020-05-02,146.1070827,27.0855528
2020-05-03,143.9253486,9.8029401
2020-05-04,144.609228,25.2443518
2020-05-05,141.7846599,10.8455402
2020-05-06,142.3815159,26.1899264
2020-05-07,141.5040187,13.9998162
2020-05-08,143.4939776,33.4318883
2020-05-09,143.6207086,18.8707411
2020-05-10,143.4974584,31.6407188
2020-05-11,142.992778,15.3385063
2020-05-12,144.5474772,31.6082747
2020-05-13,142.0447084,11.5715366
2020-05-14,143.2509786,26.9937571
2020-05-15,140.2001418,13.8013321
2020-05-16,143.7879903,34.4058606
2020-05-17,139.2433461,16.4886428
2020-05-18,142.346674,27.3899597
2020-05-19,141.7081355,11.2729326
2020-05-20,147.550138,21.8991603
2020-05-21,145.9469843,13.3847249
2020-05-22,145.1134583,35.4135105
2020-05-23,145.362117,15.4995364
2020-05-24,147.6279255,24.2467589
2020-05-25,143.0078003,13.9143926
2020-05-26,148.6498835,12.4306283
2020-05-27,143.5398919,12.2098286
2020-05-28,143.064045,21.7383427
2020-05-29,149.0235203,14.7388874
2020-05-30,142.0113386,22.3425171
2020-05-31,143.8399757,26.8252305
2020-06-01,143.3574658,15.4830463
2020-06-02,144.4979863,29.6718724
2020-06-03,142.459765,21.2417487
2020-06-04,146.7826153,30.5318388
2020-06-05,132.079696,26.8071891
2020-06-06,131.4232873,36.8223423
2020-06-07,146.9968828,26.8851326
2020-06-08,130.9189933,13.7790862
2020-06-09,130.7544071,30.7684994
2020-06-10,129.9871355,22.9087918
2020-06-11,127.4229604,29.2194955
2020-06-12,147.7162893,33.7325204
2020-06-13,126.9414177,36.4498566
2020-06-14,128.1200066,41.6381543
2020-06-15,128.4592601,26.5800053
2020-06-16,129.4288386,37.7784042
2020-06-17,127.5553308,26.0001102
2020-06-18,128.4027209,43.3900498
2020-06-19,132.3789383,32.4304461
2020-06-20,132.0015976,47.1280179
2020-06-21,127.9422636,35.280873
2020-06-22,132.7944254,33.2395778
2020-06-23,127.0481748,18.4884964
2020-06-24,142.7630283,32.2499846
2020-06-25,132.632433,24.2712617
2020-06-26,138.3883663,40.7320195
2020-06-27,139.9292131,30.0131012
2020-06-28,137.5731894,43.3758336
2020-06-29,133.9215109,28.7412323
2020-06-30,133.4416691,45.2865131
2020-07-01,132.4288535,43.5117081
2020-07-02,132.0210249,40.2119093
2020-07-03,133.9609993,54.0876518
2020-07-04,135.0689287,57.9873482
2020-07-05,130.4078318,42.1422221
2020-07-06,132.3244172,52.6505019
2020-07-07,132.2125444,38.4624962
2020-07-08,151.0983159,56.1643861
2020-07-09,130.4185362,43.7297991
2020-07-10,130.8583086,54.7126373
2020-07-11,130.0952207,39.4112566
2020-07-12,149.8483983,38.2238401
2020-07-13,143.8688282,46.0664716
2020-07-14,148.8314038,34.257593
2020-07-15,149.5496151,34.6518708
2020-07-16,144.890437,38.9611378
2020-07-17,150.221524,43.5668197
2020-07-18,151.6058075,53.2417156
2020-07-19,146.7609892,42.2711697
2020-07-20,145.6929246,37.9599452
2020-07-21,145.508285,36.8061741
2020-07-22,152.046097,36.3926639
2020-07-23,146.2582472,39.9924895
2020-07-24,149.2892336,45.3519558
2020-07-25,147.9281847,48.5797013
2020-07-26,140.0513617,41.8660832
2020-07-27,148.0047897,38.1811757
2020-07-28,145.9073355,38.8141806
2020-07-29,145.7070055,35.2477745
2020-07-30,145.7770019,45.9354603
2020-07-31,151.6177497,42.3592497
2020-08-01,149.5617783,47.5148924
2020-08-02,150.2108898,50.7279631
2020-08-03,146.9094588,49.9693993
2020-08-04,145.4965637,38.6412732
2020-08-05,146.6648833,40.725044
2020-08-06,147.0843724,39.9059449
2020-08-07,148.4437838,49.273235
2020-08-08,148.1588525,54.5129943
2020-08-09,142.92154,48.5079775
2020-08-10,142.892602,51.3354311
2020-08-11,139.2175091,53.2886076
2020-08-12,138.2105102,51.4246726
2020-08-13,138.9344648,53.631811
2020-08-14,140.2968313,67.857977
2020-08-15,140.1254986,66.7317219
2020-08-16,136.4277547,57.6037509
2020-08-17,139.1393697,49.7264846
2020-08-18,137.305924,44.2573615
2020-08-19,139.2309727,45.8611889
2020-08-20,139.022585,50.9830994
2020-08-21,143.9272144,46.4762917
2020-08-22,141.8944894,60.2870208
2020-08-23,141.1494724,59.3041868
2020-08-24,139.0313901,49.7265513
2020-08-25,137.3443408,43.674149
2020-08-26,138.3970393,52.1355285
2020-08-27,139.2357136,54.9043844
2020-08-28,142.2386999,58.361878
2020-08-29,141.3802849,52.8683181
2020-08-30,139.1372119,48.8757228
2020-08-31,138.4896311,49.4717908
2020-09-01,141.7356168,51.8111878
2020-09-02,142.832802,47.2859393
2020-09-03,143.2597462,50.2940871
2020-09-04,144.6108309,58.9177298
2020-09-05,146.7142912,54.6766803
2020-09-06,147.0788492,49.0442963
2020-09-07,143.3401692,44.7089412
2020-09-08,141.0789336,46.5947212
2020-09-09,142.4516582,44.0540095
2020-09-10,142.2796616,47.6735405
2020-09-11,144.0555314,51.5736869
2020-09-12,128.9180638,53.1056287
2020-09-13,128.4918091,48.6720448
2020-09-14,128.0957379,46.9471349
2020-09-15,126.6599819,42.597864
2020-09-16,122.7427403,47.64094
2020-09-17,125.10073,55.5210555
2020-09-18,130.3891335,60.061412
2020-09-19,132.6912855,62.1589326
2020-09-20,129.3897746,61.7852429
2020-09-21,130.4821828,67.7415207
2020-09-22,130.1206836,63.0069423
2020-09-23,129.8836623,69.2785474
2020-09-24,131.1752973,64.4034063
2020-09-25,131.944553,69.0659247
2020-09-26,150.177864,67.8519521
2020-09-27,146.6736323,71.3456601
2020-09-28,148.3301746,65.1379499
2020-09-29,150.3332138,61.0841616
2020-09-30,150.9830786,62.1699336
2020-10-01,150.1559335,57.0635527
2020-10-02,150.5720721,61.9610899
2020-10-03,150.2369735,70.7268171
2020-10-04,147.044144,71.0558644
2020-10-05,131.3403332,63.5749453
2020-10-06,128.838577,56.3547274
2020-10-07,128.7019385,57.8200225
2020-10-08,129.6919325,62.7083504
2020-10-09,129.749321,64.773854
2020-10-10,129.8911803,68.9854533
2020-10-11,129.036222,57.1930945
2020-10-12,128.2081605,61.9238882
2020-10-13,131.1101346,55.6966315
2020-10-14,130.9790199,51.992842
2020-10-15,129.9732596,59.1339623
2020-10-16,133.3910957,62.8311044
2020-10-17,132.1144574,66.6189423
2020-10-18,132.3412849,57.352059
2020-10-19,131.0327982,60.4795289
2020-10-20,133.1269695,63.402091
2020-10-21,134.8154643,55.019456
2020-10-22,132.5965493,61.8572973
2020-10-23,134.7995589,59.3902807
2020-10-24,133.4219349,64.9621614
2020-10-25,150.4000121,58.1720661
2020-10-26,132.5202489,51.2463086
2020-10-27,131.5231238,58.2390591
2020-10-28,131.4704046,57.0877276
2020-10-29,132.186239,60.7876694
2020-10-30,133.9817499,56.4396788
2020-10-31,133.8005587,59.9771817
2020-11-01,130.682295,48.6313544
2020-11-02,131.0555378,55.2004535
2020-11-03,129.4349035,48.6319455
2020-11-04,129.5853427,57.6370188
2020-11-05,130.6166766,51.2873231
2020-11-06,132.1481587,63.9652187
2020-11-07,132.3994364,57.5241936
2020-11-08,131.4751021,58.123382
2020-11-09,132.270849,54.9727424
2020-11-10,134.7030829,47.407554
2020-11-11,132.2087624,54.2521101
2020-11-12,135.7433744,50.2425504
2020-11-13,133.9826094,56.8737223
2020-11-14,140.1805555,58.9005876
2020-11-15,138.9475753,62.5008586
2020-11-16,144.357316,59.0160571
2020-11-17,143.8443501,50.9332008
2020-11-18,144.4923097,59.8422575
2020-11-19,147.2647852,47.1783147
2020-11-20,145.6118615,55.6479523
2020-11-21,144.559929,57.238854
2020-11-22,144.5706321,55.998529
2020-11-23,144.0666981,52.5115995
2020-11-24,139.3555926,53.7301211
2020-11-25,139.7068372,52.3610975
2020-11-26,139.6838088,52.8666525
2020-11-27,141.145704,56.2427039
2020-11-28,137.5304552,53.9933661
2020-11-29,140.4835734,56.3028945
2020-11-30,140.4832305,53.1366099
2020-12-01,140.4680639,47.3237385
2020-12-02,140.2197536,46.2658086
2020-12-03,141.0413988,49.9371314
2020-12-04,138.2287814,59.6980137
2020-12-05,139.9545541,54.9986938
2020-12-06,141.422678,53.8387938
2020-12-07,141.5829306,43.875383
2020-12-08,141.3510038,47.8966814
2020-12-09,141.5328448,51.5240268
2020-12-10,143.9762347,50.816243
2020-12-11,145.7143516,50.6353562
2020-12-12,145.0358264,54.982236
2020-12-13,146.164857,55.0415928
2020-12-14,147.2690675,48.6197937
2020-12-15,147.0895954,50.0754922
2020-12-16,147.3465882,52.0923747
2020-12-17,146.1863169,56.4110749
2020-12-18,147.0137753,63.2141977
2020-12-19,156.5296607,65.5462515
2020-12-20,157.7642388,63.423828
2020-12-21,163.8495042,67.3906975
2020-12-22,159.0171148,66.8593808
2020-12-23,166.5545567,66.7523116
2020-12-24,157.6861696,67.1215335
2020-12-25,157.64368,69.66448
2020-12-26,164.018042,72.80366
2020-12-27,178.4809816,72.6486559
2020-12-28,177.5106102,73.5258515
2020-12-29,173.6372604,71.8652277
2020-12-30,179.3499087,74.3187198
2020-12-31,183.3680473,76.2433176
2021-01-01,175.5128193,74.8171483
2021-01-02,172.2043293,71.7132382
2021-01-03,172.9097691,69.8203488
2021-01-04,160.1679141,66.7313217
2021-01-05,156.4306643,59.9322169
2021-01-06,160.8105836,61.3423229
2021-01-07,162.7831998,69.1900226
2021-01-08,160.7703028,60.4371796
2021-01-09,161.3369183,60.292449
2021-01-10,154.8023741,50.9780868
2021-01-11,150.5402309,46.13845
2021-01-12,149.6451197,39.8946391
2021-01-13,148.609027,44.201532
2021-01-14,150.419251,42.8966494
2021-01-15,151.5170766,46.7016055
2021-01-16,161.5450415,48.5792043
2021-01-17,163.434439,47.5351847
2021-01-18,164.1938826,42.8568404
2021-01-19,163.8253401,44.1856512
2021-01-20,159.4068762,44.4475864
2021-01-21,158.8103944,44.2193842
2021-01-22,156.0278267,58.7852139
2021-01-23,156.4549115,60.340768
2021-01-24,156.2178434,60.0450029
2021-01-25,157.0092328,55.9578487
2021-01-26,156.7020901,50.3350409
2021-01-27,151.2069459,47.1334082
2021-01-28,147.291124,47.6551434
2021-01-29,144.6138244,41.1313306
2021-01-30,144.8837316,40.7125104
2021-01-31,142.2554457,39.8133178
2021-02-01,141.9090152,37.8251685
2021-02-02,141.6330252,45.6614814
2021-02-03,142.2991807,34.8679139
2021-02-04,139.0707439,41.1576778
2021-02-05,139.6088171,43.9652153
2021-02-06,139.3426846,42.427276
2021-02-07,140.629736,42.3199577
2021-02-08,140.7666855,37.1738844
2021-02-09,141.4997942,35.9962756
2021-02-10,139.831087,31.744817
2021-02-11,142.2868805,39.1401565
2021-02-12,144.5143089,46.417604
2021-02-13,146.389206,51.4862201
2021-02-14,144.5737467,49.1350735
2021-02-15,142.9303763,39.9724517
2021-02-16,143.5480105,33.2930117
2021-02-17,147.9337753,33.3605359
2021-02-18,147.666317,36.0953667
2021-02-19,148.1439905,41.0278672
2021-02-20,147.4277594,42.8790635
2021-02-21,147.0363829,41.2729221
2021-02-22,145.865541,38.6076537
2021-02-23,143.3460152,33.7713712
2021-02-24,144.9028741,35.7453845
2021-02-25,140.5869892,51.1466456
2021-02-26,149.3983829,48.6110503
2021-02-27,146.6276681,47.2597438
2021-02-28,143.9489064,46.5646572
2021-03-01,144.8293963,37.6171186
2021-03-02,139.8309198,42.9770462
2021-03-03,145.3495599,42.2540485
2021-03-04,144.2533825,42.9219734
2021-03-05,147.7209273,37.6600989
2021-03-06,146.2043787,46.2084038
2021-03-07,145.1263977,48.0797121
2021-03-08,145.7700375,43.9615812
2021-03-09,142.3255767,50.2107163
2021-03-10,144.8550085,51.1851999
2021-03-11,144.1391575,53.0710639
2021-03-12,146.5839967,51.4737769
2021-03-13,144.3997931,61.1520614
2021-03-14,147.2748409,45.1217463
2021-03-15,146.6342212,48.8680795
2021-03-16,149.6975905,38.1402371
2021-03-17,151.4467351,47.0592423
2021-03-18,146.2967795,52.0521553
2021-03-19,147.9131644,52.9085486
2021-03-20,147.0831476,57.2486989
2021-03-21,147.2974646,54.3137223
2021-03-22,147.2165311,48.9935715
2021-03-23,146.1669399,49.4645769
2021-03-24,147.2022538,48.7488167
2021-03-25,146.0534199,53.9496584
2021-03-26,147.7370279,57.4804882
2021-03-27,148.0850284,61.7774374
2021-03-28,151.4240295,53.2237573
2021-03-29,151.4056501,53.1089643
2021-03-30,150.2621752,53.0488344
2021-03-31,155.0241876,49.4095396
2021-04-01,159.4858786,63.1474238
2021-04-02,166.8578725,75.9955253
2021-04-03,170.2721049,74.9704991
2021-04-04,170.8511223,81.2081286
2021-04-05,166.4499444,63.0317794
2021-04-06,161.9364165,61.5567429
2021-04-07,162.6916472,55.826437
2021-04-08,157.7416644,62.3584298
2021-04-09,160.7200405,69.7876672
2021-04-10,157.2403785,66.6005836
2021-04-11,155.6593302,64.0349964
2021-04-12,157.1561859,56.7895777
2021-04-13,157.8217724,62.1490617
2021-04-14,158.7923475,56.79526
2021-04-15,158.6930361,57.388326
2021-04-16,161.1905319,62.8418625
2021-04-17,165.1129521,60.2583341
2021-04-18,159.2020683,53.5502724
2021-04-19,156.9999805,51.3127098
2021-04-20,153.7725496,47.7265312
2021-04-21,155.5029252,51.923733
2021-04-22,157.9674339,50.4223073
2021-04-23,159.698512,62.0011039
2021-04-24,160.8547399,66.6604547
2021-04-25,160.0047771,66.5162594
2021-04-26,159.6684885,56.9001184
2021-04-27,158.8342619,55.7245598
2021-04-28,157.7926401,57.2962315
2021-04-29,157.9585723,61.6386479
2021-04-30,161.308246,65.2854041
2021-05-01,161.2671528,68.0766969
2021-05-02,158.5890244,66.2113005
2021-05-03,158.3338265,61.2492416
2021-05-04,159.0086962,55.7718098
2021-05-05,155.1761328,54.3527155
2021-05-06,160.4060903,50.9658456
2021-05-07,157.9435293,54.098763
2021-05-08,155.0208742,63.3947048
2021-05-09,161.6919735,50.4596686
2021-05-10,168.7987247,45.0235889
2021-05-11,164.4696689,46.7996965
2021-05-12,158.6869631,49.1939605
2021-05-13,160.3024824,52.6238122
2021-05-14,161.5776695,58.3178598
2021-05-15,159.1002103,60.3105127
2021-05-16,156.6309314,54.1721852
2021-05-17,153.9205986,56.5966331
2021-05-18,155.1115089,52.0219993
2021-05-19,157.0300329,46.9270407
2021-05-20,156.2036938,49.6007223
2021-05-21,158.8218847,51.7141146
2021-05-22,157.1934094,54.1649421
2021-05-23,154.6099573,48.8370235
2021-05-24,155.9807681,46.9656523
2021-05-25,156.8839696,49.7593027
2021-05-26,156.5329358,50.0947598
2021-05-27,158.8608559,47.6460773
2021-05-28,156.5532639,50.3911877
2021-05-29,155.1448889,52.8614955
2021-05-30,154.0841607,51.1300175
2021-05-31,153.9327489,49.0433642
2021-06-01,153.1384118,46.0244177
2021-06-02,158.4102201,49.3093509
2021-06-03,152.833465,52.9228213
2021-06-04,155.1857746,55.9212513
2021-06-05,156.5236107,54.6033996
2021-06-06,152.5107716,53.1068236
2021-06-07,151.8855611,51.8676941
2021-06-08,155.4630946,49.4319035
2021-06-09,154.0814751,50.5999907
2021-06-10,153.4246141,53.4631696
2021-06-11,162.9012213,55.9094918
2021-06-12,163.0775113,57.6873465
2021-06-13,161.6105038,52.3210746
2021-06-14,156.7528025,45.4051324
2021-06-15,161.6113341,47.599629
2021-06-16,161.2654132,52.410655
2021-06-17,161.2784826,52.5043824
2021-06-18,160.9866409,54.2956994
2021-06-19,159.5428543,57.4326066
2021-06-20,156.8814077,56.8271506
2021-06-21,159.7377717,48.8721938
2021-06-22,155.9087419,55.6938982
